{
  "setting": {},
  "condition": {
    "plugin": {
      "list": []
    },
    "game": {
      "list": []
    },
    "gamePlugin": {
      "list": []
    },
    "miniprogram": {
      "list": [
        {
          "id": -1,
          "name": "db guide",
          "pathName": "pages/databaseGuide/databaseGuide",
          "query": ""
        },
        {
          "name": "pages/myCollect/index",
          "pathName": "pages/myCollect/index",
          "query": "",
          "scene": null
        },
        {
          "name": "pages/index/index",
          "pathName": "pages/index/index",
          "query": "",
          "scene": null
        },
        {
          "name": "pages/order/index",
          "pathName": "pages/order/index",
          "query": "",
          "scene": null
        },
        {
          "name": "pages/cart/index",
          "pathName": "pages/cart/index",
          "query": "",
          "scene": null
        },
        {
          "name": "pages/order/index",
          "pathName": "pages/order/index",
          "query": "",
          "scene": null
        },
        {
          "name": "pages/Supervise/index",
          "pathName": "pages/Supervise/index",
          "query": "",
          "scene": null
        },
        {
          "name": "pages/user/index",
          "pathName": "pages/user/index",
          "scene": null
        }
      ]
    }
  }
}